filename,validated,survey,worker,natural,patientslikeme,quality,text,recruitment,health,user,patient,trained,user,symptom,crowd-sourcing,participant,validate,data,performance,microtask,crowd-sourced,non-expert,player,crowd,knowledge,diagnosis,players,self-reported,patient-report,citizens,individuals,patient-reported,crowdsourcing,screen,self,experience,extracted,individual,dictionary,23andme,disease,respondents,posts,posts,virus,people,self-report,extraction,extraction,posted,online,posted,online,crowd-source,diseases,medical,users,users,participants,annotate,posting,posting,citizen,crowdsource,turk,image,reliability,query,diagnose,validation,combine,flu,annotated,experienced,extracts,amazon,crowdsourced,workers,gold,recruit,train,extracting,post,post,turkers,extract,extract,numWord
a 21st century approach to tackling dengue.txt,0,0,0,0,0,0,0,0,104,3,0,0,0,2,0,0,0,0,1,0,0,0,0,0,0,1,0,0,0,3,0,0,3,0,0,1,0,0,0,0,5,1,0,0,7,0,0,0,0,0,0,0,0,0,5,0,2,0,0,0,0,0,0,1,0,0,0,1,0,9,0,0,1,1,0,0,3,0,0,0,0,0,0,0,0,1,0,7576
a contingency model of the critical.pdf.txt,0,1,0,0,0,0,0,0,3,0,0,0,0,0,0,0,1,0,3,0,0,0,0,0,0,0,0,0,0,0,0,0,75,0,0,0,0,0,0,0,1,0,0,0,0,0,0,1,1,0,0,0,0,0,0,2,0,0,0,0,0,0,0,0,0,0,0,0,0,0,0,0,0,0,0,0,2,0,0,0,0,0,0,0,0,0,0,6605
a crowdsourced nucleus understanding nuclear organization.pdf.txt,0,0,0,0,0,0,0,1,0,0,0,0,0,0,0,0,0,0,0,0,0,0,0,0,0,0,0,0,0,0,1,0,23,0,0,0,0,0,0,0,7,0,0,0,0,0,0,0,0,0,0,0,0,0,1,1,0,0,0,0,0,0,0,0,0,0,0,0,0,0,0,0,0,0,0,0,1,0,0,1,0,0,0,0,0,0,0,17935
a crowdsourcing evaluation.pdf.txt,0,1,0,0,0,0,0,0,4,0,0,0,0,0,0,0,0,2,0,0,0,0,0,0,0,0,0,0,0,0,0,0,10,0,0,6,0,0,0,0,0,0,0,0,0,0,0,0,0,0,0,0,0,0,0,0,0,0,0,0,0,0,0,1,0,0,0,0,0,0,0,0,0,1,0,0,3,0,0,0,0,0,0,0,0,0,0,6562
a crowdsourcing model for creating preclinical.txt,0,12,0,0,0,0,0,0,0,0,0,0,0,0,0,0,0,0,2,0,0,0,0,0,0,0,0,0,0,0,0,0,16,0,0,0,0,0,0,0,3,0,0,0,0,0,0,0,0,0,0,0,0,0,0,24,0,0,0,0,0,0,0,0,0,0,0,0,0,0,0,0,1,0,0,0,0,0,0,0,0,0,0,0,0,0,0,4327
a geographic approach for combining social.pdf.txt,0,1,0,1,0,0,0,0,3,0,0,0,0,0,0,0,0,1,0,0,0,0,0,0,0,0,0,0,0,0,0,0,4,0,0,0,0,0,1,0,3,0,0,0,0,0,0,1,1,1,0,0,0,0,0,3,0,0,0,0,0,0,0,0,0,0,0,0,0,0,0,1,0,0,0,0,1,0,0,0,0,0,0,0,0,2,0,11150
a machine learning based information.pdf.txt,32,2,0,9,0,0,8,1,5,0,0,0,1,0,1,0,19,3,75,0,0,0,0,0,0,31,0,0,0,0,0,0,6,1,0,6,0,0,0,0,67,0,0,0,1,0,0,59,59,0,0,0,0,0,19,18,0,0,0,26,0,0,0,1,0,1,3,48,3,72,0,0,81,0,0,0,0,0,26,1,0,0,0,0,0,5,0,45111
a methodology for using professional.pdf.txt,0,3,0,17,0,1,7,0,3,0,0,0,0,1,0,0,0,1,12,0,0,2,0,0,0,13,0,0,0,0,0,0,7,2,0,16,0,0,1,0,102,0,0,0,0,0,0,20,20,0,0,0,0,0,9,182,0,0,0,31,0,0,0,1,0,0,2,2,1,1,0,0,104,2,0,2,0,0,55,0,1,0,0,0,0,3,0,52390
a new source of data for public health surveillance.pdf.txt,0,4,0,0,0,0,0,0,84,0,0,0,0,0,0,0,0,0,0,0,0,0,0,0,0,0,0,1,0,0,0,1,1,0,0,1,0,0,0,0,18,0,0,0,0,0,0,0,0,0,0,0,0,0,6,1,0,1,0,0,0,0,1,0,0,0,0,0,0,1,0,0,0,0,0,1,1,0,0,0,0,0,0,0,0,0,0,6334
adapting standards ethical oversight of participant.txt,0,1,0,0,1,0,0,0,25,0,0,0,0,0,1,0,0,0,1,0,1,0,0,0,0,0,0,2,0,0,0,1,1,0,0,0,0,0,0,4,3,0,0,0,0,0,0,0,0,0,0,0,0,0,0,4,0,0,0,0,0,0,0,0,0,0,1,0,0,0,0,0,0,0,0,0,1,0,0,0,0,0,0,0,0,0,0,3826
after the cap risk assessment citizen science.txt,0,1,0,0,0,0,0,0,40,0,0,0,0,0,0,0,0,0,0,0,0,0,0,0,0,0,0,1,0,0,0,0,28,0,0,3,0,0,0,0,3,0,0,0,0,0,0,0,0,0,0,0,0,0,0,1,0,0,0,0,0,0,39,0,0,0,0,0,0,0,0,1,0,1,0,0,0,0,0,0,0,0,0,0,0,0,0,6663
agent based modeling of crowdinforming.pdf.txt,1,0,0,0,0,0,0,0,27,0,0,0,0,0,0,0,0,0,1,0,0,0,0,0,0,0,0,0,0,0,0,0,9,0,0,0,0,0,0,0,2,0,0,0,1,0,0,0,0,0,0,0,0,0,1,1,0,0,0,0,0,0,0,0,0,0,0,1,0,1,0,0,0,0,0,0,0,0,0,0,0,0,0,0,0,0,0,4731
alignment free design of highly discriminatory.pdf.txt,3,0,0,0,0,0,0,0,1,0,0,0,0,0,1,0,0,0,3,0,0,0,0,0,0,2,0,0,0,0,0,0,3,1,0,0,0,0,0,0,8,0,0,0,0,0,0,0,0,0,0,0,0,0,0,0,0,0,0,0,0,0,0,0,0,0,0,0,0,18,0,0,0,0,0,0,1,0,0,0,0,0,0,0,0,0,0,6828
an evidence based toolset to capture measure.pdf.txt,3,15,0,0,0,0,0,0,264,1,0,0,0,1,6,0,1,1,18,0,27,0,0,0,0,0,0,1,0,0,4,0,0,1,0,29,0,0,0,0,4,0,0,0,0,1,16,7,7,0,0,0,0,3,0,11,0,0,0,0,0,0,0,0,0,0,5,4,1,3,0,0,0,2,0,0,0,0,0,0,1,0,0,0,0,4,0,53995
assessment of unconcious decision.txt,0,3,0,0,0,0,0,0,18,0,0,0,0,0,0,0,0,0,2,0,0,0,0,0,0,1,0,0,0,0,0,0,1,0,0,5,0,0,0,0,0,0,0,0,0,1,0,0,0,0,0,0,0,0,0,37,0,0,0,0,0,0,0,0,0,0,0,0,0,0,0,0,0,3,0,6,0,0,0,1,0,0,0,0,0,0,0,5968
automated indexing of internet stories.txt,1,0,0,2,1,0,0,1,46,0,0,0,0,0,0,1,0,0,0,0,0,0,0,0,0,0,0,1,0,0,0,0,3,0,0,3,0,0,0,0,1,0,0,0,0,0,1,1,1,0,0,0,0,0,0,1,0,0,1,0,0,0,0,0,0,0,3,0,0,1,0,0,0,1,0,0,1,0,0,0,0,0,0,0,0,1,0,5019
big data and disease prevention.pdf.txt,1,1,0,0,1,0,0,0,115,0,0,0,0,0,0,0,0,1,2,0,0,0,0,0,0,0,0,2,0,0,0,0,1,0,0,1,0,0,0,1,49,0,0,0,0,0,0,0,0,0,0,0,0,0,4,5,0,0,0,0,0,0,2,0,0,0,2,1,0,2,0,2,0,1,0,0,2,0,0,0,0,0,0,0,0,1,0,5994
big data for advancing dementia research.pdf.txt,0,3,0,0,1,7,0,0,84,0,0,0,0,1,0,0,1,3,2,0,0,0,0,0,0,12,0,0,0,0,0,0,8,0,0,6,0,2,0,0,50,0,0,0,0,0,0,0,0,0,0,0,0,0,28,98,0,1,0,1,0,0,0,3,0,0,0,1,0,0,0,2,2,0,0,0,2,0,1,0,0,0,0,0,0,0,0,45612
big data in healthcare.pdf.txt,0,0,0,0,3,0,0,0,66,0,0,0,0,0,0,0,0,0,7,0,0,0,0,0,0,1,0,0,0,0,0,7,4,0,0,1,0,0,0,0,6,0,0,0,0,0,0,0,0,0,0,0,0,0,3,8,0,0,0,0,0,0,0,0,0,0,0,0,1,0,0,0,0,0,0,0,0,0,0,0,0,0,0,0,0,0,0,6181
big data in science and healthcare.pdf.txt,0,0,0,0,4,0,0,0,46,0,0,0,0,0,0,0,0,0,0,0,0,0,0,0,0,0,0,0,0,0,0,0,0,0,0,3,0,0,0,0,10,0,0,0,0,0,0,0,0,0,0,0,0,0,1,11,0,0,0,0,0,0,0,0,0,0,0,2,0,0,0,2,0,2,0,0,1,0,0,0,0,0,0,0,0,0,0,4777
big data opportunities for global.pdf.txt,1,0,0,0,0,0,0,0,17,0,0,0,0,0,0,0,0,0,2,0,1,0,0,1,0,0,0,0,0,0,0,0,3,0,0,0,0,0,0,0,45,0,0,0,1,0,0,0,0,0,0,0,0,0,16,1,0,0,0,0,0,0,0,0,0,0,2,2,1,0,0,1,0,0,0,0,0,0,0,0,0,0,0,0,0,0,0,3505
big data usage patterns in health care domain.pdf.txt,1,3,0,0,0,0,0,0,55,0,0,0,0,0,0,0,0,1,0,0,1,0,0,0,0,1,0,0,0,0,0,0,5,0,0,1,0,0,0,0,11,0,0,0,5,0,0,0,0,0,0,0,0,0,7,9,0,0,0,0,0,0,0,0,0,0,0,1,1,1,0,10,0,0,0,0,0,0,0,0,0,0,0,0,0,0,0,7024
biographies of the editors and contributors.pdf.txt,4,74,0,6,0,2,1,0,134,0,0,1,5,0,0,0,6,11,8,0,0,5,0,2,1,0,0,0,0,2,2,0,114,17,0,42,0,1,2,0,2,0,0,0,0,1,0,9,9,1,1,0,0,0,2,11,1,5,1,1,0,0,120,2,0,0,11,6,0,10,0,0,3,3,0,0,103,0,0,1,0,0,0,0,0,6,0,164100
cameras for public health surveillance.txt,0,4,0,0,0,0,0,0,14,0,0,0,0,0,0,0,0,0,0,0,1,0,0,0,0,0,0,0,0,0,0,0,25,2,0,2,0,0,0,0,0,1,0,0,0,0,0,0,0,0,0,0,0,0,0,0,0,0,0,5,0,0,0,4,0,0,13,0,0,0,0,0,1,0,0,1,25,0,1,0,0,0,0,0,0,2,0,5786
can masses of non experts train highly accurate image classification.pdf.txt,0,0,0,0,0,0,0,0,1,0,0,0,0,0,0,0,1,0,11,0,1,0,0,0,0,0,0,0,0,0,0,0,15,0,0,2,0,0,0,0,0,0,0,0,0,0,0,0,0,0,0,0,0,0,0,16,0,0,0,1,0,0,0,0,0,0,1,0,0,0,0,0,7,0,0,2,0,0,0,0,0,0,0,0,0,0,0,2980
can you find an aed.pdf.txt,0,0,0,0,0,0,0,0,8,0,0,0,0,0,0,0,0,0,0,0,0,0,0,1,0,0,0,0,0,0,0,0,6,0,0,0,0,0,0,0,1,0,0,0,0,0,0,0,0,0,0,0,0,0,0,7,0,0,0,0,0,0,0,0,0,0,0,0,0,1,0,0,0,0,0,0,0,0,0,0,0,0,0,0,0,0,0,2404
cancer systems biology.pdf.txt,0,0,0,0,0,1,0,0,0,0,0,0,0,0,0,0,0,0,0,0,0,0,0,1,0,0,0,0,0,0,0,0,3,3,0,0,0,0,0,0,6,0,0,0,0,0,0,0,0,0,0,0,0,0,2,0,0,0,0,0,0,0,0,0,0,0,0,0,0,1,0,0,1,0,0,0,0,0,0,0,0,0,0,0,0,0,0,10231
case studies on specific aplications of ict.pdf.txt,2,3,0,0,0,0,1,2,28,0,0,0,0,0,2,0,1,3,5,0,0,0,0,1,0,0,0,0,0,0,0,0,4,0,0,19,0,0,0,0,18,0,0,0,0,0,0,0,0,0,0,0,1,0,31,3,0,2,0,0,0,0,0,0,0,0,0,0,0,24,0,0,0,5,0,0,1,0,0,0,0,0,0,0,0,1,0,61460
cellular phone based image.pdf.txt,0,1,0,0,0,2,0,0,14,0,0,0,0,0,0,0,0,0,0,0,0,0,0,0,0,1,0,0,0,0,0,0,8,0,0,0,0,0,0,0,0,0,0,0,0,0,0,3,3,0,0,0,0,0,0,24,0,0,0,0,0,0,0,0,0,19,0,0,0,0,0,0,0,1,0,0,0,0,0,0,0,0,0,0,0,0,0,7128
characterizing the followers and tweets.txt,0,1,0,1,0,0,0,0,12,0,0,0,0,0,0,0,0,0,1,0,0,0,0,0,0,0,0,0,0,0,0,0,3,0,0,0,1,0,0,0,0,0,0,0,1,0,1,0,0,0,0,0,0,0,0,5,1,1,0,0,0,0,0,0,0,0,0,0,0,0,0,0,0,0,0,0,1,0,3,0,0,0,1,0,0,0,0,5267
citizen science in the age of neogeography.pdf.txt,1,1,0,0,0,1,0,0,8,0,0,0,0,0,0,0,0,1,0,0,0,0,0,0,0,0,0,0,0,0,0,0,9,0,0,12,0,0,0,0,18,0,0,0,0,0,0,1,1,0,0,0,0,0,1,1,1,0,0,0,0,0,65,0,0,0,3,2,0,2,0,0,0,1,0,0,2,0,0,4,0,0,1,0,0,3,0,15175
citizen sensors for shm use of.pdf.txt,0,0,0,0,0,0,0,0,9,0,0,0,0,0,0,0,0,0,8,0,0,0,0,0,0,0,0,0,0,1,0,0,4,0,0,0,0,0,0,0,0,0,0,0,0,0,0,1,1,0,0,0,0,0,0,0,0,0,0,0,0,0,1,0,0,0,3,0,0,0,0,0,0,0,0,0,0,0,0,0,0,0,0,0,0,3,0,5533
clinical decision support alert.txt,1,1,0,0,0,0,0,0,16,0,0,0,0,0,0,0,1,0,0,0,0,0,0,0,0,0,0,0,0,0,0,0,2,0,0,3,0,0,0,0,2,0,0,0,0,0,0,0,0,0,0,0,0,0,0,9,0,0,0,0,0,0,0,0,0,0,1,0,0,3,0,0,0,0,0,0,2,0,1,0,0,0,0,0,0,0,0,5263
cloud digital patient communities.pdf.txt,0,0,0,0,5,0,0,6,0,0,0,0,0,0,0,0,0,0,0,0,0,0,0,0,0,0,0,1,0,0,0,1,1,0,0,1,0,0,0,0,5,0,0,0,0,0,0,0,0,0,1,0,0,0,1,6,0,0,0,0,0,0,0,1,0,0,0,0,0,1,0,0,0,0,0,0,0,0,0,1,0,0,0,0,0,0,0,1752
combinatorial pair testing distinguishing.pdf.txt,0,0,0,0,0,0,0,0,0,0,0,0,0,0,0,0,0,0,6,0,0,0,0,0,0,8,0,0,0,0,1,0,4,0,0,1,0,0,0,0,0,0,0,0,0,0,0,0,0,0,0,0,0,0,0,0,0,0,0,0,0,0,0,0,0,0,0,0,0,0,0,0,0,0,0,0,0,1,0,0,0,0,0,0,0,0,0,6267
comparative bacterial genomes.pdf.txt,1,3,0,0,0,2,0,0,24,0,0,0,0,0,16,0,0,0,11,0,6,0,0,1,0,3,0,0,0,0,0,0,1,0,0,0,0,1,0,0,22,0,0,0,9,0,0,2,2,0,0,0,0,0,8,27,0,0,0,0,0,0,2,0,0,0,0,0,0,5,0,0,3,1,0,0,0,0,1,0,0,0,0,0,0,0,0,62282
computational opportunities for remote.pdf.txt,0,1,0,0,0,0,0,0,1,0,0,0,0,0,1,0,0,3,1,0,0,0,0,2,0,0,0,0,0,0,0,0,2,0,0,5,0,0,0,0,1,0,0,0,0,0,0,0,0,0,0,0,0,0,0,4,0,0,0,0,0,0,1,0,0,0,0,0,0,0,0,0,0,0,0,0,0,0,0,0,0,0,0,0,0,0,0,5229
constructing a classification of hypersensitivity allergic.pdf.txt,0,5,0,0,0,0,0,0,22,0,0,0,0,0,0,0,1,0,0,0,0,0,0,0,0,5,0,0,0,0,0,0,10,0,0,0,0,0,0,0,7,0,0,0,0,0,0,0,0,0,0,0,0,0,56,3,0,0,0,0,0,0,0,0,0,0,0,0,0,1,0,0,0,0,0,0,0,0,0,0,0,0,0,0,0,0,0,5383
crowdoutaids crowdsourcing youth perspectives.pdf.txt,0,0,0,0,0,0,0,0,27,0,0,0,0,0,0,0,0,0,0,0,0,0,0,0,0,0,0,0,0,0,0,0,15,0,0,2,0,0,0,0,0,0,0,0,0,0,0,0,0,0,0,0,0,0,0,0,0,0,0,0,0,0,0,0,0,0,0,0,0,0,0,0,0,0,0,0,1,0,0,0,0,0,0,0,0,0,0,6465
crowdseeding conflict data.txt,0,18,0,0,0,0,0,0,10,0,0,0,0,0,0,0,1,0,0,0,0,0,0,0,0,0,0,0,0,0,0,0,9,0,0,1,0,0,0,0,6,0,0,0,0,0,0,0,0,0,0,0,0,0,1,0,0,0,0,0,0,0,0,0,0,0,2,0,0,11,0,0,0,0,0,0,1,0,1,0,0,0,0,0,0,0,0,15668
crowdseeding in eastern congo.pdf.txt,0,17,0,0,0,0,0,0,5,0,0,0,0,0,0,0,1,0,0,0,0,0,0,0,0,0,0,0,0,0,0,0,8,0,0,1,0,0,0,0,4,0,0,0,0,0,0,0,0,0,0,0,0,0,1,0,0,0,0,0,0,0,0,0,0,0,2,0,0,9,0,0,0,0,0,0,1,0,1,0,0,0,0,0,0,0,0,15345
crowdsourced analysis of clinical trial.pdf.txt,1,3,0,0,0,0,0,0,5,0,0,0,0,0,0,0,1,0,27,0,0,0,0,0,0,2,0,0,0,0,0,0,9,0,0,0,0,0,0,0,56,0,0,0,0,0,0,0,0,0,0,0,0,0,4,4,0,0,0,0,0,0,0,0,0,0,0,0,0,9,0,0,0,1,0,0,1,0,0,0,0,0,0,0,0,0,0,7996
crowdsourced assessment of technical skills a novel method.pdf.txt,3,11,0,0,0,0,0,1,2,0,0,0,0,0,0,0,1,0,18,0,10,0,0,0,0,0,0,0,0,0,0,0,7,2,0,2,0,0,0,0,0,0,0,0,0,0,0,0,0,0,0,0,0,0,0,9,0,0,0,0,0,0,0,0,1,0,1,0,0,3,0,0,0,9,0,3,0,1,4,1,0,0,0,0,0,0,0,4336
crowdsourced bidirectional disaster reporting.pdf.txt,0,0,0,0,0,0,0,0,5,0,0,0,0,0,0,0,0,0,0,0,0,0,0,0,0,2,0,0,0,0,0,0,10,1,0,0,0,0,0,0,1,0,0,0,0,1,0,0,0,0,0,0,0,0,3,1,0,0,0,0,0,0,0,0,0,0,3,0,0,0,0,0,0,0,0,0,2,0,0,0,0,0,0,0,0,0,0,4221
crowdsourced health research studies.txt,2,4,0,0,10,0,0,0,155,0,0,0,0,0,0,0,2,0,5,0,0,0,0,0,0,0,0,5,0,0,0,1,21,0,0,5,0,0,0,10,20,0,0,0,0,0,0,0,0,0,0,0,0,0,0,7,1,0,0,1,0,0,18,2,0,0,0,0,1,2,0,0,1,0,0,0,95,0,0,3,0,0,0,0,0,0,0,6825
crowdsourced peer-versus expert.pdf.txt,0,2,0,0,1,0,0,0,38,0,0,0,0,0,0,0,0,0,0,0,0,0,0,0,0,0,0,0,0,0,0,0,6,0,0,1,0,0,0,0,0,0,0,0,0,0,0,0,0,0,0,0,0,0,0,6,0,1,0,0,0,0,0,1,0,0,0,0,0,0,0,0,0,0,0,0,2,0,0,0,0,0,0,0,0,0,0,7908
crowdsourcing 101 a few tips.pdf.txt,0,0,0,0,0,0,0,0,31,0,0,0,0,0,0,0,0,0,0,0,0,0,0,0,0,0,0,0,0,0,0,0,35,0,0,1,0,0,0,0,1,0,0,0,0,0,0,0,0,0,0,0,0,0,0,0,0,0,0,0,0,0,0,0,0,0,0,0,0,0,0,0,0,0,0,1,0,0,0,0,0,0,0,0,0,0,0,3055
crowdsourcing a new paradigm for interactome driven.pdf.txt,10,0,0,0,0,0,0,0,3,0,0,0,0,0,0,0,0,0,0,0,0,0,0,17,0,0,0,0,0,0,0,0,0,0,0,0,0,0,0,0,3,0,0,0,0,0,0,0,0,0,0,0,0,0,0,1,0,0,0,2,0,0,0,0,0,0,0,2,0,2,0,0,4,0,0,0,0,0,0,0,0,0,0,0,0,0,0,8513
crowdsourcing a normative natural.txt,0,5,0,2,0,0,0,2,1,0,0,0,0,0,0,0,0,0,1,0,0,0,0,0,0,0,0,4,0,0,1,0,23,2,0,1,0,0,0,1,1,0,0,0,0,3,0,0,0,0,0,0,0,0,0,4,0,0,0,0,0,0,0,1,0,0,0,2,0,0,0,0,0,2,0,4,62,0,1,3,0,0,0,0,0,0,0,6573
crowdsourcing applications for public health.pdf.txt,0,2,0,0,1,0,0,0,48,0,0,0,0,0,1,0,0,0,1,0,1,0,0,0,0,0,0,0,0,0,0,0,79,0,0,0,0,0,0,0,5,0,0,0,0,0,0,0,0,0,0,0,0,0,2,0,0,1,0,0,0,0,0,1,0,0,0,1,0,0,0,8,0,0,0,2,4,0,0,0,0,0,0,0,0,0,0,6520
crowdsourcing as a novel technique.txt,0,0,0,0,0,0,0,0,7,0,0,0,0,0,0,0,0,0,3,0,1,0,0,1,0,5,0,0,0,0,1,0,26,0,0,8,0,0,0,0,6,0,0,0,0,0,0,0,0,0,0,0,0,0,1,6,0,0,0,0,0,0,0,4,0,13,1,0,0,0,0,0,0,0,0,0,2,0,1,0,0,0,0,0,0,0,0,4141
crowdsourcing as a screening tool.pdf.txt,0,0,0,0,0,0,0,0,1,0,0,0,0,0,0,0,0,0,3,0,0,1,0,0,0,2,0,0,0,0,1,0,20,0,0,8,0,0,0,0,2,0,0,0,0,0,0,0,0,0,0,0,0,0,0,2,0,0,0,0,0,0,0,3,0,3,2,0,0,0,0,0,0,1,0,0,0,0,1,0,0,0,0,0,0,0,0,2948
crowdsourcing as an innovative communication.txt,0,3,0,0,0,0,0,0,12,0,0,0,0,0,0,0,0,0,3,0,0,0,0,0,0,1,0,0,0,0,0,0,33,0,0,0,0,2,0,0,1,0,0,0,0,1,0,0,0,0,0,0,0,0,0,3,0,0,2,0,0,0,0,0,0,0,3,0,0,0,0,0,0,1,0,0,5,0,0,0,0,0,0,0,0,0,0,4618
crowdsourcing awarness exploration of the ovarian.pdf.txt,1,42,0,0,0,9,0,5,9,0,0,0,0,4,0,0,0,0,0,0,0,0,0,0,0,9,0,0,0,0,0,0,15,0,0,2,0,0,0,0,8,0,0,0,0,0,2,0,0,0,0,0,0,0,1,2,0,0,0,0,0,0,0,0,0,0,0,0,0,0,0,0,0,0,0,6,1,2,0,0,0,0,0,0,0,0,0,7605
crowdsourcing black market prices.txt,0,5,0,0,0,0,0,0,11,0,0,0,0,0,0,0,0,3,0,0,0,0,0,0,0,0,0,0,0,0,0,0,15,0,0,2,0,0,0,0,2,0,0,0,0,0,0,0,0,0,0,0,0,0,0,1,0,1,0,0,0,0,0,0,0,0,0,1,0,2,0,0,0,0,0,0,10,0,3,0,0,0,0,0,0,0,0,3873
crowdsourcing citizen sensing and sensor.pdf.txt,2,1,0,0,1,0,0,0,75,0,0,0,2,0,0,0,3,1,1,0,1,0,0,0,0,0,0,2,0,0,0,0,8,0,0,9,0,0,0,0,4,0,1,0,0,2,0,3,3,0,1,0,0,0,7,4,0,0,0,0,0,0,0,1,0,1,1,9,0,0,0,1,0,0,0,0,10,0,0,0,0,0,0,0,0,3,0,16790
crowdsourcing data collection of the retail tobacco.txt,0,4,0,0,0,0,0,0,7,0,0,0,0,0,0,0,4,0,0,0,1,0,0,1,0,0,0,0,0,0,0,0,21,0,0,0,0,0,0,0,0,0,0,0,0,0,0,0,0,0,0,0,0,0,0,2,0,0,0,0,0,0,0,0,0,1,5,0,0,0,0,0,0,0,0,0,26,0,0,0,0,0,0,0,0,0,0,2771
crowdsourcing for bioinformatics.txt,0,4,0,1,0,0,0,0,6,0,0,0,0,0,0,0,1,0,3,17,2,1,0,0,0,2,0,1,0,0,0,0,76,0,0,1,0,0,0,1,1,0,0,0,1,0,0,0,0,0,0,0,0,0,0,9,0,0,0,1,0,0,3,0,0,2,0,0,0,0,0,0,1,1,0,1,2,0,0,0,0,0,0,0,0,0,0,7635
crowdsourcing for clinical research an evaluation.pdf.txt,1,3,0,0,7,0,0,10,37,0,0,0,0,1,0,0,0,0,6,0,0,0,0,1,0,1,0,0,0,0,1,2,72,0,0,8,0,0,0,0,4,0,0,0,0,0,0,0,0,0,0,0,0,0,2,12,0,0,0,0,0,0,2,0,0,0,0,0,0,2,0,0,0,0,0,0,13,0,1,2,0,0,0,0,0,0,0,5942
crowdsourcing for disaster preparedness.pdf.txt,0,0,0,0,0,0,0,1,25,0,0,0,0,0,2,0,0,0,3,0,0,0,0,0,0,0,0,0,0,1,0,0,224,0,0,13,0,0,0,0,0,0,0,0,0,0,0,0,0,0,0,0,0,0,1,6,0,0,0,0,0,0,2,2,0,0,1,0,0,2,0,0,0,6,0,0,28,0,0,0,0,0,0,0,0,0,0,20460
crowdsourcing for natural disaster response an evaluation.pdf.txt,0,4,0,3,4,0,1,0,191,0,0,0,0,2,0,0,0,0,4,0,1,0,0,5,0,0,0,0,0,0,1,0,48,0,0,4,0,0,0,0,17,0,0,0,0,2,0,0,0,0,0,0,0,0,3,25,0,0,1,0,0,0,0,2,0,0,2,4,0,1,0,9,5,1,0,0,39,0,0,0,0,0,0,0,0,0,0,31315
crowdsourcing for reference correspondence.pdf.txt,0,0,0,0,0,0,0,0,1,0,0,0,0,0,0,0,1,0,3,0,1,0,0,0,0,1,0,0,0,0,0,0,18,0,0,2,0,0,0,0,2,0,0,0,0,0,0,0,0,0,0,0,0,0,1,21,0,0,0,0,0,0,0,0,0,2,0,0,0,1,0,0,4,0,0,2,0,0,0,0,0,0,0,0,0,0,0,3445
crowdsourcing genomic analyses.pdf.txt,0,0,0,0,0,0,0,0,0,0,0,0,0,0,0,0,0,0,0,0,0,0,0,0,0,0,0,0,0,0,0,0,9,0,0,0,0,0,0,0,3,0,0,0,0,0,0,0,0,0,1,0,0,0,1,1,0,0,0,1,0,0,0,4,0,0,0,0,0,0,0,0,0,0,0,0,0,0,0,0,0,0,0,0,0,0,0,1877
crowdsourcing harnessing the masses to advance health and medicine.pdf.txt,1,27,0,0,1,0,0,0,63,0,0,0,0,0,2,0,1,0,2,0,2,0,0,2,0,5,1,0,0,0,0,0,114,2,0,1,0,0,0,1,3,0,0,0,0,1,0,1,1,0,0,0,1,0,1,34,1,0,0,3,0,0,6,0,0,4,2,0,0,3,0,1,0,0,0,1,10,0,0,0,0,0,0,0,0,0,0,7745
crowdsourcing image annotation for nucleus.pdf.txt,0,0,0,0,0,0,0,0,1,0,0,0,0,0,0,0,0,0,33,0,4,5,0,0,0,1,0,0,0,0,0,0,9,0,0,0,0,0,0,0,3,0,0,0,0,0,0,1,1,0,0,0,0,0,0,4,0,0,0,3,0,0,0,0,0,0,0,0,0,0,0,0,5,0,0,0,16,0,0,0,0,0,0,0,0,0,0,4863
crowdsourcing knowledge discovery.txt,0,0,0,0,0,0,0,0,17,0,0,0,0,0,0,0,0,0,0,0,0,0,0,0,0,0,0,0,0,0,0,0,16,0,0,0,0,0,0,0,0,0,0,0,0,0,0,0,0,0,0,0,0,0,0,15,0,0,0,0,0,0,0,1,0,0,0,1,0,0,0,0,0,0,0,0,0,0,0,0,0,0,0,0,0,0,0,2774
Crowdsourcing Malaria Parasite Quantification.txt,1,1,0,0,0,0,0,0,4,0,0,0,1,0,0,0,0,1,15,0,0,0,1,0,0,11,2,0,0,0,0,0,6,5,0,3,0,0,0,0,1,0,0,0,0,0,0,0,0,0,0,0,0,0,0,1,0,0,0,0,0,0,1,0,0,9,0,0,0,0,2,0,0,0,0,0,7,0,8,0,0,0,0,0,0,0,0,4201
crowdsourcing medical expertise in near real time.txt,0,4,0,0,0,1,0,1,9,0,0,0,0,0,0,0,0,0,0,0,0,0,0,0,0,3,0,0,0,0,0,0,25,1,0,1,0,0,0,0,0,0,0,0,0,0,0,0,0,0,0,0,1,0,0,27,0,0,0,0,0,0,0,0,0,0,0,1,0,0,0,0,0,0,0,0,0,0,0,0,0,0,0,0,0,0,0,4198
crowdsourcing medical research.pdf.txt,0,2,0,0,13,0,0,0,2,0,0,0,0,0,0,0,0,0,0,0,0,0,0,0,0,1,0,0,0,0,0,0,4,0,0,0,0,0,0,0,15,0,0,0,0,1,0,0,0,0,0,0,0,0,4,9,0,0,0,0,0,0,0,0,0,0,0,0,0,0,0,1,0,0,0,0,2,0,0,0,0,0,0,0,0,0,0,1889
crowdsourcing natural products discovery.pdf.txt,0,1,0,0,0,0,0,0,3,0,0,0,0,0,0,0,0,0,0,0,0,0,0,0,0,0,0,0,0,0,0,0,7,0,0,0,0,0,0,0,0,0,0,0,0,0,0,0,0,0,0,0,0,0,0,2,0,0,0,0,0,0,0,0,0,0,0,0,0,0,0,0,0,0,0,0,0,0,0,0,0,0,0,0,0,1,0,4104
crowdsourcing novel childhood predictors.pdf.txt,1,5,0,0,0,0,0,2,20,0,0,0,0,0,0,1,0,0,0,0,0,3,0,0,0,0,0,1,0,0,0,0,66,1,0,7,0,0,0,0,3,0,0,0,0,0,0,0,0,0,0,0,0,0,1,0,0,0,3,0,0,0,4,0,0,0,0,0,0,0,0,0,0,1,0,1,3,0,0,1,0,0,0,0,0,0,0,10634
crowdsourcing participatory evaluation.txt,0,19,0,0,0,1,0,0,10,0,0,0,0,0,0,1,0,0,9,0,0,0,0,0,0,0,0,0,0,0,0,0,9,0,0,0,0,0,0,0,0,0,0,0,0,0,0,0,0,0,0,0,0,0,0,27,0,1,0,0,0,0,0,0,0,0,1,0,0,0,0,0,0,0,0,4,5,0,0,3,0,0,0,0,3,0,0,3709
crowdsourcing public health experiments.txt,1,1,0,0,0,0,0,1,45,0,0,0,0,1,0,0,0,0,0,0,0,0,0,0,0,0,0,1,0,0,0,0,44,0,0,1,0,0,1,0,2,0,0,0,0,0,0,0,0,0,0,0,0,0,2,6,1,0,0,0,0,0,0,0,0,0,0,0,0,0,0,0,0,0,0,0,20,0,0,0,0,0,0,0,0,0,0,7824
crowdsourcing solutions to global problems.pdf.txt,0,2,0,0,0,0,0,0,17,0,0,0,0,0,0,0,0,0,1,0,1,0,0,0,0,0,0,0,0,0,0,0,83,0,0,2,0,1,0,0,4,0,0,0,0,1,0,0,0,0,0,1,0,0,1,4,1,0,0,0,0,0,19,6,0,0,0,0,0,0,0,0,0,1,0,0,14,0,0,0,0,0,0,0,0,0,0,12017
crowdsourcing taste research.pdf.txt,0,0,0,0,0,1,0,0,11,0,0,0,0,0,0,0,0,0,0,0,0,0,0,0,0,0,0,0,0,0,0,0,13,0,0,1,0,1,0,0,0,0,0,0,0,0,0,0,0,0,0,0,0,0,0,1,0,0,0,0,0,0,10,0,0,0,0,0,0,0,0,0,0,0,0,0,0,0,0,0,0,0,0,0,0,0,0,5170
crowdsourcing the verification of relationships in biomedical ontologies.pdf.txt,1,1,0,0,0,0,0,0,2,0,0,0,0,0,0,0,0,0,28,5,0,0,0,0,0,0,0,0,0,0,0,0,34,2,0,1,0,0,0,0,6,0,0,0,0,0,0,0,0,0,0,0,0,0,0,4,0,0,0,0,0,0,0,0,0,0,0,0,0,0,0,0,0,0,0,5,1,2,0,0,0,0,0,0,0,0,0,5048
cryptic species of hairwork.pdf.txt,0,0,0,0,0,0,0,0,3,0,0,0,0,0,0,0,0,0,0,0,0,0,0,0,0,0,0,0,0,0,0,0,2,0,0,0,0,0,0,0,3,0,0,0,0,0,0,0,0,0,0,0,0,0,0,0,0,0,0,0,0,0,5,0,0,0,0,0,0,0,0,0,0,0,0,0,0,0,0,0,0,0,0,0,0,0,0,6731
data privacy and ethical uses of volunteered.pdf.txt,0,0,0,0,0,0,0,0,46,0,0,0,0,0,0,0,2,2,0,0,0,0,0,0,0,0,0,0,0,0,0,0,3,0,0,0,0,1,0,0,17,0,0,0,0,0,0,0,0,0,0,0,0,0,0,3,0,0,0,0,0,0,0,0,0,0,5,0,0,0,0,7,0,0,0,0,6,0,0,0,0,0,0,0,0,0,0,4174
development and evaluation of a crowdsourcing.pdf.txt,1,0,0,0,0,0,0,0,19,0,0,0,0,1,0,0,0,5,0,0,0,0,0,0,0,0,0,0,0,0,0,0,21,1,0,0,0,0,0,0,1,0,0,0,0,0,0,0,0,0,0,0,0,0,0,8,0,0,0,0,0,0,0,0,0,0,1,0,0,1,0,0,0,0,0,0,1,0,1,0,0,0,0,0,0,2,0,5053
development of a clinician reputation metric.pdf.txt,3,0,0,0,0,2,0,0,13,0,0,0,0,1,0,0,0,1,0,0,0,0,0,0,0,0,0,0,0,0,0,0,33,2,0,2,0,0,0,0,3,0,0,0,0,0,0,0,0,0,0,0,0,0,0,8,0,1,0,0,0,0,0,0,0,0,1,0,0,1,0,0,0,0,0,0,5,0,2,0,0,0,0,0,0,0,0,5301
discovering health topics in social media.pdf.txt,0,17,0,1,0,0,1,0,65,0,0,0,0,13,0,0,1,3,0,0,0,0,0,0,0,0,0,1,0,0,0,0,2,0,0,0,0,0,1,0,7,0,0,0,0,1,0,1,1,0,0,0,0,0,1,5,0,0,0,1,0,0,0,0,0,0,0,0,0,2,0,12,3,0,0,2,0,0,0,0,1,0,0,0,0,0,0,8311
disentangling public participation.pdf.txt,2,1,0,0,0,0,0,0,23,0,0,0,0,0,0,0,0,0,0,0,1,0,0,0,0,1,0,0,0,0,0,0,1,0,0,16,0,0,0,22,10,0,0,0,0,0,0,0,0,0,0,0,0,0,2,18,0,0,0,0,0,0,5,0,0,1,0,0,0,0,0,0,0,0,0,0,0,0,0,2,0,0,0,0,0,0,0,10752
distributed human intelligence for colonic.pdf.txt,0,0,0,0,0,0,0,1,12,0,0,0,0,0,0,0,0,0,33,0,0,0,0,0,0,0,0,0,0,0,0,0,8,1,0,1,0,0,0,0,1,0,0,0,0,0,0,0,0,0,0,0,0,0,0,8,0,0,0,0,0,0,0,0,0,0,2,0,0,1,0,0,0,0,0,0,0,0,0,0,0,0,0,0,0,0,0,7784
distributed medical image analysis.pdf.txt,0,0,0,0,0,0,0,0,4,0,0,0,0,0,15,0,0,0,21,0,8,3,0,0,0,59,1,0,0,0,0,0,2,0,0,0,0,0,0,0,3,0,0,0,0,0,0,0,0,0,0,0,0,0,2,30,0,0,0,0,0,0,0,0,0,2,0,0,6,0,0,0,0,0,0,0,0,0,2,1,0,0,0,0,0,0,0,6695
dizeez an online game for human.pdf.txt,0,1,0,0,0,0,0,0,1,0,0,0,0,0,0,0,0,0,0,0,0,0,0,0,0,0,1,0,0,0,0,0,6,0,0,0,0,0,0,0,28,0,0,0,0,0,0,0,0,0,0,0,0,0,7,0,0,0,0,1,0,0,1,0,0,0,0,0,0,1,0,0,3,0,0,0,0,0,0,1,0,0,0,0,0,0,0,3524
enhancement of copd biological.pdf.txt,2,1,0,0,0,0,0,6,1,0,0,0,0,0,0,0,1,2,0,0,1,0,0,0,0,4,0,0,0,0,0,0,15,0,0,0,0,0,0,0,45,0,0,0,0,0,0,0,0,0,0,0,0,0,7,0,0,0,0,0,0,0,0,1,0,0,0,0,0,0,0,0,0,0,0,0,1,0,0,0,0,0,0,0,0,2,0,12783
evaluation of a novel conjunctive.txt,4,11,0,1,0,1,0,2,62,0,0,0,2,0,0,0,0,0,1,0,0,0,0,0,0,0,0,0,0,0,0,0,14,0,0,0,0,0,0,0,4,0,0,0,0,0,0,0,0,0,0,0,0,0,0,7,0,0,1,0,0,0,0,0,0,0,0,0,0,1,0,0,0,2,0,2,3,0,0,1,0,0,0,0,0,0,0,6077
evolution of crowdsourcing potential data protection.pdf.txt,0,0,0,0,0,0,0,0,12,0,0,0,1,0,0,0,0,0,2,0,0,0,0,0,0,1,0,0,0,0,0,0,171,0,0,0,0,0,3,0,1,0,0,0,0,0,0,0,0,0,0,0,0,0,3,4,0,0,0,0,0,0,0,0,0,0,0,0,0,0,0,0,0,0,0,1,5,0,0,0,0,0,0,0,0,0,0,6784
extracting physician group intelligence.pdf.txt,0,0,0,0,0,0,0,0,15,0,0,0,0,0,0,0,0,0,0,0,0,0,0,0,0,1,0,0,0,0,0,0,4,0,0,4,0,0,0,0,1,0,0,0,0,0,0,1,1,0,0,0,0,0,0,6,0,0,0,0,0,0,0,0,0,0,0,0,0,0,0,0,0,0,0,0,0,0,0,0,0,0,0,0,0,0,0,5887
factors related to sustained.txt,0,0,0,0,0,0,0,0,5,0,0,0,1,0,0,0,0,0,1,0,0,0,0,0,0,0,0,0,0,0,0,0,4,0,0,5,0,0,0,0,0,0,0,0,0,0,0,0,0,0,0,0,0,0,0,0,1,0,0,0,0,0,0,0,0,0,1,0,0,0,0,0,0,0,0,1,3,0,0,0,0,0,0,0,0,0,0,6255
foodswitch a mobile phone app.txt,0,0,0,0,0,0,0,0,16,0,0,0,0,0,0,0,0,0,0,0,0,0,0,0,0,0,0,0,0,0,0,0,10,0,0,1,0,0,0,0,3,0,0,0,0,0,0,0,0,0,0,0,0,0,1,0,0,0,0,0,0,0,0,0,0,0,0,0,0,0,0,0,0,0,0,0,1,0,0,0,0,0,0,0,0,0,0,4433
formative evaluation of the accuracy.pdf.txt,0,2,0,1,0,0,0,2,12,0,0,0,0,0,4,0,0,0,4,0,0,0,0,0,0,0,0,1,0,0,0,0,1,1,0,0,0,0,0,0,3,0,0,0,5,0,0,0,0,0,0,0,0,1,0,4,0,0,1,0,0,0,0,0,0,0,0,0,1,2,0,0,1,0,0,0,0,0,1,0,0,0,0,0,0,2,0,7070
from citizen science to do it yourself science.pdf.txt,1,20,0,0,0,0,0,0,58,0,0,0,0,0,2,0,1,1,1,0,0,1,0,0,0,1,0,0,0,0,0,0,12,1,0,7,0,0,0,1,6,0,0,0,1,0,0,0,0,0,0,0,0,0,4,5,0,0,0,0,0,0,282,1,0,0,2,0,0,2,0,4,3,1,0,0,7,0,0,2,0,0,0,0,0,0,0,29519
from sensor to observation web.pdf.txt,0,3,0,0,0,0,0,0,6,0,0,0,0,0,1,0,0,1,0,0,0,0,0,2,0,0,0,0,0,0,0,0,1,0,0,0,0,0,0,0,0,0,0,0,0,0,0,3,3,0,0,0,0,0,0,0,1,0,0,0,0,0,1,0,0,0,4,2,0,0,0,0,2,1,0,0,0,0,0,0,0,0,0,0,0,0,0,13229
genetic gatekeepers regulating direct to.pdf.txt,3,5,0,0,4,0,0,1,91,0,0,0,0,0,0,0,0,2,4,0,2,0,0,0,0,8,0,2,0,0,0,0,3,1,0,1,0,0,0,51,63,0,0,0,0,0,0,0,0,0,0,0,0,0,19,116,0,1,0,0,0,0,3,0,0,0,1,0,3,1,0,0,0,0,0,0,3,0,1,1,0,0,0,0,0,0,0,25353
geo awareness geoenablement geotechnologies.pdf.txt,0,1,0,0,0,0,0,0,2,0,0,0,0,0,0,0,0,0,1,0,0,0,0,0,0,0,0,0,0,0,0,0,1,0,0,1,0,0,0,0,0,0,0,0,0,0,0,1,1,0,0,0,0,0,2,0,0,0,0,0,0,0,10,0,0,0,0,0,0,0,0,0,0,0,0,0,1,0,0,0,0,0,0,0,0,0,0,5364
geographic information science as a miltidisciplinary.pdf.txt,0,1,0,0,0,0,0,0,7,0,0,0,0,0,0,0,0,0,0,0,2,0,0,0,0,0,0,0,0,0,0,0,2,0,0,0,0,0,1,0,1,0,0,0,0,0,0,1,1,0,0,0,0,0,0,1,0,0,0,0,1,0,0,0,0,2,0,1,2,0,0,0,0,0,0,0,1,0,0,0,0,0,0,0,0,0,0,13470
global mapping of infectious disease.pdf.txt,1,1,0,0,0,0,1,0,43,0,0,0,0,0,0,0,0,0,0,0,0,1,0,0,0,3,0,0,0,0,0,0,7,0,0,1,0,0,0,0,112,0,1,0,5,0,0,0,0,0,0,0,0,0,92,1,0,0,0,0,0,0,0,1,0,0,1,0,0,0,0,1,0,0,0,1,0,0,0,0,0,0,1,0,0,0,0,9841
harnessing the power of crowds crowdsourcing.pdf.txt,2,2,0,0,0,0,0,3,7,0,0,0,0,12,0,0,0,0,0,0,0,0,0,0,0,0,0,2,0,0,0,7,42,0,0,4,0,0,0,0,3,2,0,0,0,0,0,0,0,0,0,0,0,0,1,9,5,0,0,0,0,0,0,0,0,0,0,0,0,0,0,0,0,4,0,0,37,0,0,0,0,0,0,0,0,0,0,7682
health 205 the realization.pdf.txt,1,0,0,0,3,0,0,2,291,0,0,0,0,1,0,0,1,0,7,0,0,0,0,0,0,6,0,0,0,0,0,0,5,0,0,4,0,0,1,2,25,0,0,0,2,0,0,0,0,0,0,0,0,0,3,24,0,0,0,0,0,0,3,0,0,0,0,0,1,1,0,8,0,0,0,0,28,0,0,0,0,0,0,0,0,0,0,12353
health care transformation.txt,2,0,0,0,0,0,0,1,16,0,0,0,1,0,0,0,0,0,0,0,0,0,0,0,0,0,0,0,0,0,0,0,4,3,0,1,0,0,3,0,0,0,0,0,0,0,0,0,0,0,0,0,0,0,3,21,0,1,0,0,0,0,0,0,0,0,0,2,0,1,0,0,0,0,0,0,0,0,0,0,0,0,0,0,0,0,0,5203
hybrid curation of gene mutation relations.pdf.txt,1,0,0,2,0,0,1,0,3,0,0,0,0,0,0,0,3,0,14,0,0,0,0,0,0,0,0,0,0,0,0,0,12,1,0,0,0,0,0,0,6,0,0,0,0,0,0,20,20,0,0,0,0,0,2,3,0,0,0,1,0,0,0,0,0,0,0,0,0,0,0,0,2,0,0,3,1,0,37,3,0,0,0,0,1,5,0,8753
i like it when my partner holds my hand.pdf.txt,0,1,0,0,0,0,0,2,4,0,0,0,0,0,0,0,1,0,0,0,0,0,0,0,0,0,0,1,0,0,0,0,1,0,0,16,0,0,0,0,0,0,0,0,0,0,4,0,0,0,0,0,0,0,0,1,0,0,0,0,0,0,0,0,0,0,12,0,0,11,0,0,0,9,0,8,0,0,0,0,0,0,0,0,0,0,0,16232
identifying medical terms in patient authored text.txt,0,0,0,0,4,1,0,1,23,0,0,2,0,0,0,0,0,1,12,0,0,9,0,0,0,1,0,1,0,0,0,0,7,0,0,0,0,0,12,0,2,0,0,0,0,0,0,2,2,0,0,0,0,0,0,60,0,0,0,1,0,0,0,0,1,0,3,2,0,4,0,1,2,0,0,0,1,0,16,0,0,0,0,0,1,1,0,5840
improving breast cancer survival analysis.pdf.txt,0,0,1,0,0,1,0,0,2,0,0,1,0,0,2,0,0,1,52,0,3,0,0,0,0,4,0,0,0,0,0,0,2,0,0,1,0,0,0,0,6,0,0,0,0,0,0,0,0,0,0,0,0,0,0,2,0,0,1,0,0,0,0,0,0,0,0,0,0,10,0,0,0,2,0,0,0,0,0,0,0,0,0,0,0,0,0,13474
increasing patient engagement in rehabilitation exercises.pdf.txt,0,10,0,0,0,0,0,0,2,0,0,0,0,0,0,0,0,0,31,0,0,0,0,0,0,0,0,0,0,0,0,0,1,2,0,3,0,0,0,0,1,0,0,0,0,0,0,0,0,0,0,0,0,0,0,5,0,0,0,0,0,0,47,0,0,0,0,0,0,0,0,0,0,1,0,0,1,0,0,0,0,0,0,0,0,0,0,8992
industrial methodology for process verification in research.txt,0,0,0,0,0,1,3,0,0,0,0,0,0,0,12,0,0,3,15,0,0,0,0,0,0,2,0,0,0,0,0,0,1,0,0,2,0,0,2,0,10,0,0,0,0,0,0,5,5,0,0,0,0,0,7,1,0,0,0,0,0,0,0,0,0,0,0,1,0,2,0,0,0,1,0,0,0,0,9,0,0,0,0,0,0,1,0,7964
inferring gene expression from ribosomal.pdf.txt,0,0,0,0,0,0,0,1,3,0,0,0,0,0,0,0,1,0,3,0,0,0,0,0,0,0,0,0,0,0,0,0,6,0,0,0,0,0,0,0,0,0,0,0,0,0,0,0,0,0,0,0,0,0,0,1,0,0,0,0,0,0,0,0,0,0,1,0,0,0,0,0,0,0,0,0,0,0,0,0,0,0,0,0,0,1,0,7504
integrated spatial analysis of volunteered geographic.pdf.txt,0,6,0,0,0,0,0,7,7,0,0,0,0,0,0,0,0,3,2,0,0,0,0,0,0,0,0,0,0,0,0,0,9,0,0,5,0,0,0,0,3,0,1,0,0,0,0,0,0,0,0,0,0,0,0,2,0,0,0,0,0,0,40,0,0,0,1,0,0,0,0,0,0,0,0,0,1,0,0,0,0,0,0,0,0,0,0,23704
international research roadmap on ict.pdf.txt,6,6,0,4,0,0,2,4,29,0,0,0,0,0,0,0,3,19,12,0,0,0,0,0,0,0,1,0,0,0,0,0,5,0,0,5,0,0,0,0,7,0,0,0,1,0,0,8,8,0,0,0,1,0,1,5,0,2,0,0,0,0,0,0,0,0,4,2,0,34,0,2,0,1,0,0,2,0,0,0,0,0,0,0,0,0,0,37859
internet based crowdsourcing and research.pdf.txt,0,3,0,0,0,0,0,0,2,0,0,0,0,0,0,0,0,0,1,0,0,0,0,0,0,0,0,0,0,0,0,0,14,0,0,1,0,0,0,0,0,0,0,0,3,0,0,0,0,0,0,0,0,0,0,2,0,0,0,0,0,0,0,0,0,0,0,0,0,0,0,0,0,0,0,0,1,0,0,0,0,0,0,0,0,0,0,4025
interpoll crowdsourced internet polls.pdf.txt,0,64,0,0,0,2,0,6,11,0,0,0,0,0,15,0,1,0,3,1,14,1,0,0,0,0,0,2,0,0,0,0,11,0,0,0,0,0,0,0,1,0,0,0,0,0,0,0,0,0,0,0,6,0,0,5,0,0,0,0,0,0,0,0,0,0,2,42,0,1,0,0,0,0,0,5,3,0,0,0,0,0,0,0,0,0,0,11566
introduction to socialradio case.pdf.txt,0,4,0,0,0,0,0,0,8,1,0,0,0,4,0,0,0,0,0,0,0,0,0,0,0,0,0,0,0,0,0,0,1,0,0,0,0,0,0,0,0,0,0,0,0,0,0,0,0,0,0,0,0,1,3,4,3,2,0,0,0,0,0,0,0,0,0,2,0,0,0,0,0,0,0,0,2,0,0,0,0,0,0,0,0,2,0,4529
investigating the congruence.txt,0,1,0,0,1,0,2,0,70,0,0,0,0,0,0,0,0,1,3,0,0,0,0,0,0,0,0,0,0,0,0,0,5,0,0,1,0,0,4,0,0,0,0,0,0,0,0,4,4,0,0,0,0,0,0,4,0,0,0,0,0,0,0,0,0,0,0,0,0,0,0,0,0,0,0,0,38,0,0,0,0,0,0,0,0,0,0,4544
is there a doctor in the crowd.pdf.txt,1,3,0,1,3,0,0,0,52,0,0,0,0,2,1,0,0,0,1,1,1,1,0,0,0,95,0,0,0,0,0,0,30,1,0,13,0,0,0,0,9,0,0,0,1,0,0,1,1,0,0,0,0,0,11,101,0,0,0,1,0,0,0,1,1,1,0,0,15,0,0,2,0,0,0,0,3,0,1,2,0,0,0,0,0,1,0,10866
learning by aggregating.txt,0,0,0,0,0,0,0,0,2,0,0,0,0,0,0,0,2,2,8,0,1,1,0,0,0,4,0,0,0,0,0,0,3,0,0,0,0,0,0,0,0,0,0,0,0,0,0,0,0,0,0,0,0,0,0,4,0,0,0,0,0,0,0,0,0,1,0,0,0,0,0,0,1,0,0,0,0,0,2,0,0,0,0,0,0,0,0,5068
learning fron outdoor webcams surveillance.pdf.txt,0,1,0,0,0,0,0,2,44,0,0,0,0,0,1,0,0,0,0,0,0,0,0,0,0,0,0,0,0,0,0,0,15,1,0,1,0,0,0,0,2,0,0,0,0,0,0,0,0,0,0,0,0,0,0,0,0,0,0,8,0,0,0,4,0,0,22,1,0,1,0,0,10,0,0,1,1,1,0,1,0,0,0,0,0,0,0,7752
lessons learned about public health.txt,0,14,0,0,0,0,0,0,81,0,0,0,0,0,11,0,1,2,0,0,4,0,0,0,0,2,0,0,0,0,0,0,5,0,0,0,0,0,0,0,18,0,0,0,1,0,0,1,1,0,0,0,0,0,5,22,1,0,0,0,0,0,1,0,0,1,0,2,0,0,0,1,0,0,0,0,0,0,0,0,0,0,0,0,0,0,0,6027
load balancing at emergency departments.pdf.txt,0,0,0,0,0,0,0,0,36,0,0,0,0,0,0,0,0,0,4,0,0,0,0,0,0,0,0,0,0,0,0,0,6,0,0,1,0,0,0,0,0,0,0,0,0,0,0,0,0,0,0,0,0,0,0,5,0,0,0,0,0,0,0,1,0,0,0,1,0,2,0,0,0,0,0,0,1,0,0,0,0,0,0,0,0,1,0,9009
many can work better than the best.pdf.txt,0,2,0,2,0,0,0,0,1,0,0,0,0,0,0,0,0,0,4,0,0,1,0,0,0,40,0,0,0,0,0,0,25,0,0,1,0,0,0,0,1,0,0,0,0,0,0,0,0,0,0,0,0,0,1,17,0,0,0,0,0,0,0,0,0,0,0,0,5,0,0,0,0,1,0,2,0,0,0,2,0,0,0,0,0,0,0,4703
measuring information acquisition.pdf.txt,2,0,0,0,0,0,0,0,0,0,0,0,0,0,0,0,2,0,9,0,0,0,0,0,0,1,0,3,0,0,0,0,2,1,0,1,0,0,0,0,1,0,0,0,0,0,0,0,0,0,0,0,0,0,0,1,0,0,0,0,0,0,0,0,0,0,3,0,1,1,0,0,0,0,0,2,11,0,3,0,0,0,0,0,0,1,0,6460
method paper distance and travel.pdf.txt,0,0,0,0,0,0,0,0,18,0,0,0,0,0,0,0,0,0,0,0,0,0,0,0,0,0,0,0,0,0,0,0,15,0,0,0,0,0,0,0,0,0,0,0,0,0,0,0,0,0,0,0,0,0,0,2,0,0,0,0,0,0,0,0,0,0,1,0,0,1,0,0,0,0,0,0,3,0,0,0,0,0,0,0,0,0,0,4323
methodological considerations in analyzing.pdf.txt,0,5,0,2,0,0,1,0,17,0,0,0,0,0,0,0,0,6,0,0,0,0,0,0,0,1,0,0,0,0,0,0,8,0,0,1,0,0,0,0,1,0,1,0,0,0,0,0,0,0,0,0,0,0,1,0,0,0,0,0,0,0,0,0,0,0,0,2,0,0,0,6,0,0,0,0,6,0,0,0,0,0,0,0,0,0,0,4606
mhealth approaches to child obesity.pdf.txt,4,3,0,0,0,0,0,0,57,0,0,0,0,0,0,0,0,0,0,0,0,0,0,0,0,1,0,0,0,0,0,0,1,28,0,2,0,0,0,0,3,0,0,0,0,0,0,0,0,0,0,0,0,0,0,8,0,0,0,0,0,0,0,1,0,0,1,0,0,0,0,0,0,0,0,0,2,0,0,0,0,0,0,0,0,0,0,8564
mHealth- A Comprehensive and Contemporary Look at Emerging Techno.pdf.txt,0,1,0,0,0,0,0,0,156,0,0,0,0,1,0,0,1,1,5,0,0,0,0,0,0,7,0,0,0,0,0,0,12,2,0,2,0,0,0,0,16,0,0,0,0,0,0,0,0,0,0,0,0,0,5,38,0,0,0,0,0,0,0,0,0,0,0,0,0,1,0,3,0,1,0,0,1,0,0,0,0,0,0,0,0,0,0,13043
microtask crowdsourcing for disease mention.pdf.txt,0,7,0,4,0,0,1,0,3,0,0,0,0,1,0,0,1,0,11,6,0,0,0,0,0,0,0,0,0,0,0,0,17,1,0,1,0,0,0,0,39,0,0,0,0,0,0,5,5,0,0,0,0,0,8,5,0,1,0,5,0,0,1,0,0,0,0,0,0,1,0,0,13,0,0,1,3,0,24,0,0,0,0,0,0,1,0,4957
mobile medical disaster relief technology.pdf.txt,1,50,0,1,0,2,0,2,146,0,0,0,0,0,0,0,1,0,1,0,3,0,0,1,0,6,0,3,0,0,0,0,3,0,0,18,0,0,0,0,15,0,0,0,2,0,0,0,0,0,0,0,0,0,9,180,0,0,0,0,0,0,0,1,0,0,0,4,0,0,0,0,0,2,0,0,1,0,0,1,0,0,0,0,0,1,0,33443
mobile4d crowdsourced disaster.pdf.txt,0,0,0,0,0,0,0,0,4,0,0,0,0,0,0,0,0,0,1,0,0,0,0,0,0,2,0,0,0,0,0,0,14,0,0,1,0,0,0,0,2,0,0,0,0,1,0,0,0,0,0,0,0,0,3,1,0,0,1,0,0,0,0,0,0,0,4,0,0,0,0,1,0,0,0,0,1,0,0,0,0,0,0,0,0,0,0,3127
nettab 2013 semantic social and mobile.pdf.txt,0,0,0,0,0,0,2,0,1,0,0,0,0,0,0,0,0,0,0,0,0,0,0,1,0,0,0,0,0,0,0,0,4,0,0,1,0,0,0,0,0,0,0,0,0,0,0,0,0,0,0,0,0,0,0,3,0,0,0,0,0,0,0,0,0,0,0,0,0,0,0,0,0,0,0,0,0,0,0,0,0,0,0,0,0,0,0,2904
new media methods for syndromic.pdf.txt,1,3,0,0,0,0,0,0,75,0,0,0,0,0,0,0,1,0,0,0,0,0,0,0,0,1,0,4,0,0,0,0,7,0,0,1,0,0,0,0,98,0,0,0,1,0,0,0,0,0,0,0,0,0,46,11,0,1,0,0,0,0,0,0,0,0,0,6,1,4,0,0,0,0,0,1,3,0,0,1,0,0,0,0,0,0,0,9276
new technology in dietary assessment a review of digital.pdf.txt,0,2,0,0,0,0,0,0,12,0,0,0,0,0,0,0,0,0,0,0,0,0,0,1,0,0,0,1,0,0,0,0,9,2,0,1,0,0,0,0,1,0,0,0,0,0,1,1,1,0,0,0,0,0,0,0,0,0,0,0,0,0,0,0,0,0,0,0,0,1,0,0,0,0,0,0,0,0,1,0,0,0,0,0,0,0,0,4949
Norms of valence arousal and dominance for 13915 English lemmas.pdf.txt,1,1,0,0,0,0,0,0,1,0,0,0,0,0,0,0,0,0,1,0,0,0,0,0,0,0,0,0,0,0,0,0,4,0,0,6,0,0,0,0,4,0,0,0,0,0,0,1,1,0,0,0,0,0,5,2,0,0,0,0,0,0,0,0,0,0,1,0,0,0,0,0,0,0,0,1,0,0,0,0,0,0,0,0,0,1,0,9093
on crowd verification of biological networks.pdf.txt,2,0,0,0,0,1,2,1,3,0,0,0,0,0,0,0,1,1,1,0,2,0,0,0,0,1,0,0,0,0,0,0,9,0,0,0,0,0,0,0,18,0,0,0,0,0,0,1,1,0,0,0,0,0,0,0,0,1,0,2,0,0,0,0,0,0,0,0,0,5,0,0,0,1,0,0,0,0,2,0,0,0,0,0,0,3,0,9117
on the internet of things.pdf.txt,0,0,0,0,0,0,0,0,56,0,0,0,0,0,0,0,0,0,0,0,0,0,0,0,0,0,0,0,0,0,0,0,2,0,0,1,0,0,0,0,0,0,0,0,0,0,0,0,0,0,1,0,0,0,0,0,0,0,0,0,0,0,0,0,0,0,0,0,0,0,0,2,0,0,0,0,2,0,0,0,0,0,0,0,0,0,0,4553
online reporting for malaria.pdf.txt,0,14,0,0,0,0,0,0,29,0,0,0,0,0,3,0,0,0,0,0,0,0,0,0,0,11,0,6,0,0,0,0,0,0,0,3,0,0,0,0,9,0,0,0,0,0,5,1,1,0,0,0,0,0,0,2,0,0,0,0,0,0,0,0,0,0,0,2,0,1,0,2,0,1,0,4,0,0,1,1,0,0,0,0,0,0,0,4196
Online Social Networks Social Capital and Health-related Behavio.pdf.txt,1,0,0,0,4,0,1,0,99,0,0,0,0,0,0,0,0,1,1,0,0,0,0,0,0,0,0,3,0,0,1,0,0,0,0,4,0,0,0,0,5,0,0,0,0,0,0,0,0,0,0,0,0,0,5,12,0,0,0,0,0,0,0,0,0,0,0,0,0,1,0,0,0,0,0,0,2,0,0,0,0,0,0,0,0,0,0,14505
open source drug discovery in practice.txt,0,6,0,0,0,2,0,2,23,0,0,0,0,0,0,0,0,0,0,0,0,0,0,0,0,0,0,1,0,0,1,0,6,0,0,0,0,0,0,0,6,0,0,0,0,0,0,0,0,0,0,0,0,0,35,2,0,0,0,0,0,0,0,1,0,0,0,0,0,0,0,0,0,2,0,0,3,0,0,0,0,0,0,0,0,1,0,10953
open source genomic analysis of shiga toxin.pdf.txt,0,0,0,0,0,0,0,0,2,0,0,0,0,0,3,0,0,0,0,0,2,0,0,1,0,0,0,0,0,0,0,0,0,0,0,0,0,0,0,0,3,0,0,0,2,0,0,0,0,0,0,0,0,0,2,13,0,0,0,0,0,0,0,0,0,0,0,0,0,1,0,0,0,0,0,0,0,0,0,0,0,0,0,0,0,0,0,4461
openSNP a crowdsourced web.pdf.txt,0,2,0,0,5,1,0,0,5,0,0,0,0,0,0,0,0,0,0,0,0,0,0,0,0,1,0,0,0,0,0,0,6,1,0,0,0,0,0,10,5,0,0,0,0,0,0,0,0,0,0,0,0,0,4,3,0,1,0,1,0,0,1,0,0,0,0,2,0,1,0,0,0,0,0,0,8,0,0,0,0,0,0,0,0,0,0,6589
outcomes research in psoriasis and psoriatic.pdf.txt,0,8,0,1,0,0,0,1,17,0,0,0,0,0,0,0,0,0,0,0,0,0,0,0,0,1,0,0,0,0,0,3,5,0,0,1,0,0,0,0,12,0,0,0,0,0,0,2,2,0,0,0,0,0,5,9,0,0,0,0,0,0,0,0,0,0,0,0,0,2,0,0,0,0,0,0,1,0,0,0,0,0,0,0,0,0,0,3176
partnering against cancer today.pdf.txt,0,4,0,0,2,0,0,0,119,0,0,0,0,1,0,0,0,0,2,0,0,0,0,0,0,2,0,0,0,0,0,1,1,0,0,0,0,0,0,1,12,0,0,0,0,0,0,0,0,0,0,0,0,0,1,5,0,0,0,0,0,0,0,0,0,0,0,0,0,0,0,0,0,0,0,0,1,0,0,0,0,0,0,0,0,0,0,6663
path scan a reporting tool.pdf.txt,0,0,0,0,0,0,0,0,1,0,0,0,0,0,1,0,0,0,0,0,0,0,0,3,0,0,0,0,0,0,1,0,2,1,0,0,0,0,0,4,4,0,0,0,0,0,0,0,0,0,0,0,0,0,2,9,0,0,0,2,0,0,0,0,0,0,0,0,0,0,0,0,3,1,0,0,0,0,0,0,0,0,0,0,0,0,0,5682
personalising pollution exposure estimates.pdf.txt,0,3,0,0,0,0,0,0,11,0,0,0,0,0,0,0,0,0,0,0,0,0,0,0,0,0,0,0,0,0,0,0,2,1,0,2,0,0,0,0,4,0,0,0,0,0,0,0,0,0,0,0,0,0,2,9,0,0,0,0,0,0,0,2,0,0,1,0,0,0,0,0,0,0,0,0,0,0,0,0,0,0,0,0,0,0,0,4559
personalized health experiments to optimize well being.pdf.txt,0,4,0,0,2,0,0,2,15,0,0,0,1,1,1,0,1,1,14,0,0,0,0,0,0,1,0,1,0,0,0,1,0,0,0,5,0,1,0,0,13,0,0,0,0,1,6,1,1,0,1,0,0,0,1,15,0,2,0,0,0,0,0,0,0,0,0,0,0,1,0,0,1,0,0,0,1,0,0,1,0,0,0,0,0,3,0,8285
placing landmarks in the knowledge space crowdsourcing.txt,0,0,0,0,0,0,1,0,0,0,0,0,0,0,2,0,0,0,2,0,1,0,0,1,0,0,0,0,0,0,0,0,0,1,0,0,0,0,0,0,2,0,0,0,0,0,0,0,0,0,0,0,0,1,0,2,0,0,0,2,0,0,0,0,0,0,0,0,0,0,0,0,0,0,0,0,0,0,0,0,0,0,0,0,0,0,0,2771
point of decision prompts for increasing.pdf.txt,0,2,0,0,0,0,0,0,13,0,0,0,0,0,1,0,0,0,0,0,0,0,0,0,0,0,0,0,0,0,0,0,2,0,0,0,0,0,0,0,0,0,0,0,0,0,0,0,0,0,0,0,0,0,1,0,0,0,0,0,0,0,0,1,0,0,0,0,0,0,0,0,0,0,0,0,0,0,0,0,0,0,0,0,0,0,0,2577
power of crowdsourcing novel methods of data collection.pdf.txt,3,2,0,0,0,0,0,3,9,0,0,0,0,16,0,0,0,0,0,0,0,0,0,0,0,0,0,5,0,0,0,8,38,0,0,4,0,0,0,0,7,0,0,0,0,0,0,0,0,0,0,0,0,0,2,3,0,0,0,0,0,0,0,1,0,0,0,0,0,0,0,0,0,1,0,0,34,0,0,0,0,0,0,0,0,1,0,7651
provider impressions of the use of a mobile.pdf.txt,0,10,0,0,0,0,0,0,29,0,0,0,0,0,0,0,0,0,2,0,0,0,0,0,0,1,0,0,0,0,0,0,51,0,0,2,0,0,0,0,2,0,0,0,0,0,1,0,0,0,0,0,0,0,0,23,0,0,1,0,0,0,0,1,0,0,0,0,1,0,0,0,0,0,0,0,0,0,0,0,0,0,0,0,0,0,0,5060
putting humans in the loop social computing.pdf.txt,1,6,0,0,0,0,0,0,1,0,0,0,1,0,0,0,0,2,1,1,0,0,0,1,0,0,0,0,0,0,0,0,13,0,0,1,0,0,0,0,2,0,0,0,0,0,0,1,1,0,0,0,0,0,2,0,0,1,0,0,0,0,4,0,1,0,1,0,0,3,0,0,0,0,0,2,3,0,0,2,0,0,0,0,0,0,0,9709
quanitative objective assessment.pdf.txt,7,29,0,0,0,1,0,3,10,0,0,1,0,0,6,0,1,0,219,0,9,0,0,2,0,0,0,4,0,0,2,0,2,1,0,24,0,1,0,0,1,0,0,0,0,0,0,0,0,0,0,0,2,0,1,38,0,0,0,0,0,0,0,0,0,1,6,0,0,13,0,0,0,23,0,4,0,0,2,1,2,0,0,0,0,0,0,26400
quantifying the imact and extent.pdf.txt,3,0,0,3,0,0,7,0,2,0,0,0,0,0,7,0,2,0,11,0,1,0,0,0,0,0,0,0,0,0,0,0,1,0,0,2,0,0,7,0,25,0,0,0,0,0,0,7,7,0,0,0,0,0,21,1,0,0,0,7,0,0,0,0,0,0,1,2,0,14,0,0,37,0,0,1,0,0,4,0,0,0,0,0,0,1,0,14693
ranking and combining multiple predictors.pdf.txt,0,4,0,1,0,0,0,0,3,0,0,0,0,0,0,0,0,4,6,0,0,1,0,0,0,0,0,0,0,0,0,0,6,0,0,0,0,0,0,0,1,0,0,0,0,0,0,0,0,0,0,0,0,0,1,2,0,0,0,0,0,0,0,0,0,0,6,1,0,1,0,0,0,0,0,0,0,0,0,0,0,0,0,0,0,0,0,6395
rapid grading of fundus photographs.txt,0,1,0,0,0,0,0,0,5,0,0,0,0,0,0,0,1,0,1,0,0,0,0,0,0,1,0,0,0,0,0,0,17,0,0,0,0,0,0,0,7,0,0,0,0,0,0,0,0,0,0,0,0,0,0,2,0,0,0,1,0,0,1,0,0,1,3,0,0,2,0,0,1,0,0,6,3,0,0,1,0,0,0,0,0,0,0,4376
rapid information and communication technology.pdf.txt,15,5,0,0,0,0,0,0,2,0,0,0,0,1,0,0,7,0,7,0,1,0,0,2,0,0,0,0,0,0,0,0,14,11,0,14,0,0,0,0,1,0,1,0,0,0,0,0,0,0,0,0,0,0,0,3,1,4,0,0,0,0,0,4,0,0,3,5,0,1,0,0,0,5,0,0,13,0,0,0,2,0,0,0,0,0,0,55070
research prioritization through prediction.pdf.txt,1,0,0,0,0,0,0,0,2,0,0,1,0,0,0,0,0,0,1,0,0,0,0,0,0,0,0,0,0,0,0,0,3,0,0,0,0,1,0,0,4,0,0,0,0,0,0,0,0,0,0,0,0,0,5,1,0,0,0,0,0,0,0,1,0,0,0,0,0,3,0,0,1,0,0,0,0,0,0,0,1,0,0,0,0,0,0,7078
situation awareness in crowdsourcing for disease.pdf.txt,1,1,0,0,0,0,0,0,7,0,0,0,0,0,0,0,0,0,1,0,0,0,0,0,0,0,0,2,0,0,0,0,4,0,0,1,0,0,0,0,29,0,0,0,0,0,0,2,2,0,0,0,0,0,6,1,1,0,0,0,0,0,0,0,0,0,1,1,0,0,0,0,0,0,0,0,3,0,0,0,0,0,0,0,0,0,0,3464
skin self examinations and visual.txt,0,4,0,0,0,0,0,0,14,0,0,0,0,0,0,0,0,0,4,0,0,0,0,0,0,2,0,0,0,0,0,0,21,0,0,0,0,5,0,0,1,0,0,0,0,1,0,0,0,0,0,0,0,0,0,4,0,0,2,0,0,0,0,0,0,0,3,0,0,0,0,0,0,0,0,0,3,0,0,0,0,0,0,0,0,0,0,6252
social media a comprehensive knowledge synthesis.pdf.txt,2,4,0,1,2,0,0,8,129,0,0,0,0,3,0,0,1,0,2,0,0,0,0,0,0,0,0,1,0,0,0,0,4,1,0,6,0,0,0,2,21,0,1,0,0,0,0,0,0,0,0,0,2,0,4,119,0,1,0,0,0,0,0,1,0,0,1,0,1,4,0,5,0,1,0,0,1,0,3,2,0,0,0,0,0,0,0,26326
social media a review.txt,2,1,0,1,1,0,0,3,94,0,0,0,0,0,0,0,1,0,0,0,0,0,0,0,0,0,0,0,0,0,0,0,2,0,0,2,0,0,0,2,13,0,0,0,1,0,0,0,0,0,0,0,1,0,4,44,0,1,0,0,0,0,0,1,0,0,1,0,0,3,0,1,0,0,0,0,1,0,0,0,0,0,0,0,0,0,0,11009
social media activism and egyptians use.pdf.txt,0,3,0,0,0,0,0,0,49,0,0,0,0,0,0,0,2,0,0,0,0,0,0,0,0,0,0,0,0,0,0,0,7,1,0,1,0,0,0,0,1,0,0,0,0,0,0,0,0,0,0,0,0,0,0,3,0,0,0,0,0,0,0,0,0,0,0,0,0,0,0,0,0,0,0,0,2,0,0,0,0,0,0,0,0,0,0,5234
social networking and dental care.pdf.txt,0,6,0,0,1,0,0,0,52,0,0,0,0,0,0,0,0,0,0,0,0,0,0,0,0,0,0,0,0,0,0,0,0,0,0,2,0,0,0,0,1,0,0,0,0,0,0,1,1,0,1,0,1,0,0,1,0,0,0,0,0,0,0,0,0,0,0,0,0,0,0,0,0,1,0,0,4,0,0,0,0,0,0,1,0,0,0,5065
sourcing the crowd for health services improvement.pdf.txt,0,0,0,0,0,2,0,0,51,0,0,0,0,0,0,0,1,0,2,0,0,0,0,0,0,1,0,0,0,0,0,0,7,0,0,4,0,0,0,0,0,0,0,0,0,0,0,0,0,0,0,0,0,0,0,14,0,0,0,0,0,0,0,0,0,0,0,0,0,0,0,0,0,0,0,0,0,0,0,0,0,0,0,0,0,0,0,8223
strategies for improved interpretation of computer.pdf.txt,0,0,0,1,0,0,0,0,5,0,0,0,0,0,0,0,0,0,70,0,0,2,0,0,0,3,0,0,0,0,0,0,8,1,0,3,0,0,0,0,1,0,0,0,0,0,0,0,0,0,0,0,0,0,0,5,0,0,0,0,0,0,0,0,0,0,1,0,0,0,0,0,1,3,0,1,5,0,0,1,0,0,0,0,0,0,0,13358
systematic analysis of challenge driven.txt,0,0,0,0,0,2,0,0,1,0,0,0,0,0,0,0,0,0,34,0,0,0,0,0,0,0,0,0,0,0,0,0,5,0,0,2,0,0,0,0,7,0,0,0,0,0,0,1,1,0,0,0,0,0,0,0,0,0,1,0,0,0,0,0,0,0,0,0,0,16,0,0,0,0,0,0,3,0,0,0,0,0,0,0,0,0,0,10931
task assignment with controlled.pdf.txt,0,0,0,0,0,0,0,0,4,0,0,0,0,0,0,0,0,0,2,0,0,0,0,0,0,0,0,0,0,0,0,0,6,0,0,0,0,0,0,0,0,0,0,0,0,0,0,0,0,0,0,0,0,0,0,0,0,0,0,0,0,0,0,0,0,0,0,0,0,0,0,0,0,0,0,0,0,0,0,0,0,0,0,0,0,0,0,6292
technology conflict early warning.pdf.txt,0,2,0,0,0,0,0,0,76,0,0,0,0,0,0,0,0,0,0,0,0,0,0,0,0,0,0,0,0,0,1,0,5,0,0,0,0,1,0,0,4,0,0,0,0,0,0,0,0,0,0,0,0,0,0,5,0,0,0,0,0,0,0,0,0,0,2,1,0,1,0,1,0,0,0,0,2,0,0,0,0,0,0,0,0,2,0,7266
the cure design and evaluation.txt,0,6,0,0,0,0,0,2,1,0,0,0,1,0,0,0,0,0,5,0,0,0,1,0,0,1,0,1,0,0,0,0,11,0,0,4,0,0,0,0,8,0,0,0,0,0,0,0,0,0,0,0,0,0,2,0,0,0,0,0,0,0,1,0,0,0,0,0,0,0,0,0,1,0,0,0,0,0,1,0,1,0,0,0,0,1,0,6712
the effect of word familiarity on actual.pdf.txt,0,0,0,0,0,0,0,0,11,0,0,0,2,0,0,0,0,0,0,0,0,0,0,1,0,0,0,0,0,0,0,0,1,0,0,0,0,0,2,0,0,0,0,0,0,0,0,0,0,0,0,0,0,0,0,6,0,0,0,0,0,0,0,0,0,0,0,0,0,0,0,0,0,0,0,2,0,3,0,0,0,0,0,0,0,0,0,3480
the emerging discipline.txt,0,0,0,0,3,0,0,0,100,0,0,0,0,0,1,0,0,0,0,0,0,0,0,0,0,1,0,0,0,0,0,0,2,0,0,0,0,0,0,0,8,0,0,0,1,0,0,0,0,0,0,0,0,0,1,13,0,0,0,0,0,0,10,0,0,0,0,0,0,0,0,0,1,0,0,0,0,0,0,0,0,0,0,0,0,1,0,4755
the human hookworm assemblage.pdf.txt,1,0,0,0,0,0,0,0,82,0,0,0,0,0,0,0,0,0,4,0,1,0,0,0,0,0,0,0,0,0,0,0,1,0,0,10,0,0,0,0,76,0,0,0,4,0,0,1,1,0,0,0,0,0,40,77,0,0,0,0,0,0,3,0,0,0,1,0,1,0,0,1,0,4,0,0,1,0,0,0,0,0,0,0,0,2,0,29974
the landscape of big data for development.pdf.txt,0,4,0,1,0,0,0,0,58,0,0,0,0,0,0,0,1,4,2,0,0,0,0,0,0,0,0,0,0,0,0,0,20,0,0,2,0,0,0,0,20,0,0,0,2,0,0,1,1,0,0,0,0,0,10,6,0,0,0,0,0,0,0,0,0,2,0,2,1,2,0,15,0,0,0,0,9,0,0,0,0,0,0,0,0,0,0,12515
the public health exposome.pdf.txt,0,6,0,0,0,0,0,0,315,0,0,0,0,0,0,0,1,0,2,0,1,0,0,0,0,0,0,0,0,0,0,0,7,0,0,1,0,0,1,0,9,0,0,0,0,0,0,0,0,0,0,0,0,0,2,3,0,0,0,0,0,0,0,0,0,0,0,0,0,3,0,0,0,0,0,0,1,0,1,1,0,0,0,0,0,1,0,13140
the use of crowdsourcing for dietary self monitoring.txt,0,0,0,0,0,0,0,0,16,0,0,0,0,0,0,0,1,0,0,0,0,1,0,0,0,0,0,0,0,0,0,0,16,0,0,0,0,1,0,0,2,0,0,0,0,0,0,0,0,0,0,0,0,0,0,0,0,0,0,0,0,0,0,1,0,0,0,0,0,0,0,0,0,0,0,1,11,0,1,0,0,0,0,0,0,0,0,5445
toward better benchmarking challenge based.txt,1,0,0,0,0,1,0,0,3,0,0,0,0,0,4,0,2,0,4,0,1,0,0,0,0,0,0,0,0,0,0,0,1,0,0,0,0,0,0,0,0,0,0,0,0,0,0,0,0,0,0,0,0,0,0,1,0,1,1,0,0,0,0,0,0,0,0,0,0,24,0,0,0,0,0,0,0,0,8,0,0,0,0,0,0,0,0,6597
tracking epidemics with natural language.txt,0,0,0,5,0,2,0,0,6,0,0,0,0,1,0,0,0,0,1,0,0,1,0,0,0,0,0,0,0,0,0,0,10,0,0,1,0,0,0,0,9,0,0,0,2,0,0,1,1,0,0,0,0,0,4,3,0,0,0,1,0,0,0,0,0,0,0,2,0,0,0,18,1,0,0,0,9,0,0,0,0,0,0,0,0,0,0,5086
tracking replicability as a method.pdf.txt,0,8,0,1,0,0,0,0,0,0,0,0,0,0,2,0,0,0,0,0,1,0,0,0,0,0,0,0,0,0,0,0,1,0,0,1,0,0,0,0,4,0,0,1,0,0,0,0,0,0,0,0,0,0,1,4,1,1,0,0,0,0,0,0,0,0,2,1,0,0,0,0,0,0,0,0,0,0,0,2,0,0,0,2,0,0,0,10658
transforming participatory science.txt,0,0,0,0,0,0,0,0,4,0,0,0,0,0,0,0,0,0,0,0,0,0,0,0,0,0,0,0,0,0,0,0,1,0,0,2,0,0,0,0,1,0,0,0,0,0,0,8,8,0,0,0,0,0,0,1,0,0,0,0,0,0,14,1,0,0,0,0,0,0,0,0,0,0,0,0,0,0,0,0,0,0,0,0,0,2,0,11469
twitter chatter about marijuana.txt,0,3,0,0,0,0,0,0,28,0,0,0,0,0,0,0,0,0,0,0,0,0,0,0,0,1,0,0,0,0,0,0,4,0,0,0,0,0,0,0,0,0,0,0,0,0,0,0,0,0,0,0,0,0,0,2,1,1,0,0,0,0,0,0,0,0,1,0,0,0,0,0,0,0,0,0,1,0,0,0,0,0,1,0,0,0,0,6237
twituational awareness gaining situational.pdf.txt,0,4,0,0,0,0,0,0,174,1,0,0,0,0,0,0,0,4,0,0,0,0,0,0,0,0,0,0,0,0,0,0,12,0,1,4,0,0,0,0,16,0,4,0,2,3,0,0,0,4,0,0,0,0,1,16,4,0,0,0,0,0,2,0,0,0,0,2,0,0,0,11,0,1,0,0,5,0,0,0,0,0,1,0,0,0,0,29549
use of health information technology.pdf.txt,0,7,0,0,2,0,0,1,168,0,0,0,0,0,0,0,0,0,2,0,0,0,0,0,0,0,0,0,0,0,0,0,2,0,0,5,0,0,0,0,4,0,0,0,0,0,0,0,0,0,0,0,0,0,3,42,0,0,0,0,0,0,0,0,0,0,0,0,0,0,0,0,0,0,0,0,0,0,0,1,0,0,0,0,0,0,0,7065
using crowdsourcing technology for testing.txt,1,35,0,0,0,0,0,7,53,0,0,0,0,0,0,0,0,0,1,1,1,0,0,0,0,0,0,0,0,0,0,0,42,0,0,2,0,0,0,0,4,0,0,0,0,0,0,0,0,0,0,0,2,0,2,0,0,0,0,1,0,0,0,0,0,0,1,0,0,0,0,0,1,0,0,2,0,1,0,3,0,0,0,0,0,0,0,4484
using crowdsourcing to compare temporal.pdf.txt,0,6,0,0,0,0,0,0,9,0,0,0,0,0,0,0,0,0,0,0,0,0,0,0,0,0,0,0,0,0,0,0,8,0,0,0,0,0,0,0,1,0,0,0,0,0,0,0,0,0,0,0,0,0,0,0,0,0,0,0,0,0,0,0,0,0,0,0,0,1,0,0,0,0,0,2,0,0,0,0,0,0,0,0,0,0,0,7065
using online crowdsourcing.pdf.txt,0,8,0,0,0,0,0,0,23,0,0,0,0,0,0,0,0,0,0,0,0,0,0,0,0,0,0,0,0,0,0,0,16,1,0,0,0,0,0,0,1,0,0,0,0,1,0,0,0,0,0,0,1,0,0,3,0,0,0,0,0,0,0,0,0,0,0,0,0,0,0,0,0,0,0,1,1,0,0,0,0,0,0,0,0,0,0,5361
using the wisdom of the crowds to find critical.txt,0,5,0,0,0,0,0,0,7,0,0,0,0,0,0,0,0,0,4,0,0,0,0,0,0,0,0,0,0,0,0,0,26,0,0,1,0,0,0,0,3,0,0,0,1,0,0,0,0,0,0,0,2,0,0,6,0,0,0,0,0,0,0,1,0,0,0,1,0,0,0,0,0,0,0,0,0,0,0,0,0,0,0,0,0,0,0,5105
voting with their mice personal genome.pdf.txt,0,8,0,0,3,0,0,1,33,0,0,0,0,0,0,0,0,0,0,0,0,0,0,0,0,0,0,0,0,0,0,0,4,0,0,4,0,0,0,39,35,0,0,0,0,0,0,0,0,0,0,0,0,0,5,12,0,0,0,0,0,0,0,0,0,0,0,0,0,0,0,0,0,1,0,0,0,0,0,0,0,0,0,0,0,0,0,7383
web 20 based crowdsourcing.txt,0,0,0,4,0,25,0,0,4,0,0,0,0,0,0,0,0,0,16,0,0,3,0,0,0,0,0,0,0,0,0,0,59,0,0,8,0,0,0,0,0,0,0,0,0,0,0,3,3,0,0,0,0,0,0,25,0,0,0,8,0,0,0,0,0,1,0,0,0,0,0,0,23,0,0,1,10,0,36,0,0,0,0,0,2,0,0,7093
why we need crowdsourced data.pdf.txt,1,1,0,0,0,0,0,0,12,0,0,0,0,1,0,0,0,0,1,0,0,0,0,0,0,0,0,1,0,0,0,0,6,0,0,0,0,0,0,0,29,0,0,0,1,0,0,0,0,0,0,0,0,0,5,2,0,0,0,0,0,0,1,0,0,0,0,2,0,3,0,2,0,0,0,0,5,0,0,0,0,0,0,0,0,0,0,2669
wiki pi a web server of annotated.pdf.txt,0,0,0,0,0,0,0,0,2,0,0,0,0,0,0,0,1,1,0,0,0,0,0,0,0,0,0,0,0,0,0,0,4,0,0,0,0,0,0,0,7,0,0,0,0,0,0,0,0,0,0,0,0,0,20,0,0,0,0,0,0,0,0,0,0,0,0,7,0,0,0,0,2,0,0,0,0,0,0,0,0,0,0,0,0,0,0,5696
